guide_id,full_name,phone,email,languages
30001,Teriann Manjot,598-229-9235,tmanjot0@sciencedirect.com,English Hebrew
30002,Elsi O' Byrne,541-627-3381,eo1@163.com,English Hebrew
30003,Ekaterina MacAlinden,591-722-1109,emacalinden2@epa.gov,English Hebrew
30004,Emerson Devonald,798-159-5506,edevonald3@so-net.ne.jp,Russian
30005,Velvet McFetrich,570-459-8893,vmcfetrich4@yale.edu,Arabic Hebrew
30006,Doro Stranks,345-203-2799,dstranks5@forbes.com,Spanish Hebrew
30007,Karalynn Fedynski,751-211-5597,kfedynski6@loc.gov,German Hebrew
30008,Justine Antwis,104-529-7694,jantwis7@mlb.com,Italian Hebrew
30009,Yurik Belfelt,132-421-5671,ybelfelt8@pbs.org,Italian Hebrew
30010,Glori Castellucci,638-309-3659,gcastellucci9@accuweather.com,Italian Hebrew
30011,Angelico Hemeret,322-948-6827,ahemereta@virginia.edu,English Hebrew
30012,Becka Skunes,118-948-0482,bskunesb@vimeo.com,German Hebrew
30013,Brandie Hobbema,657-681-6224,bhobbemac@nps.gov,Russian
30014,Brien Lamputt,984-379-7165,blamputtd@sphinn.com,Italian Hebrew
30015,Arden Baldam,621-152-0061,abaldame@biglobe.ne.jp,Italian Hebrew
30016,Alyse Ham,606-532-5560,ahamf@jigsy.com,Russian
30017,Harriot Vassel,653-175-8771,hvasselg@nbcnews.com,Hebrew
30018,Ernaline Brightey,489-428-1501,ebrighteyh@netscape.com,Italian Hebrew
30019,Armand Flye,113-624-8168,aflyei@foxnews.com,Hebrew
30020,Inez Cunliffe,934-842-5425,icunliffej@ycombinator.com,Spanish Hebrew
30021,Rivalee McCaughey,752-292-7077,rmccaugheyk@state.tx.us,French Hebrew
30022,Rea Mazzeo,334-724-8257,rmazzeol@purevolume.com,Arabic Hebrew
30023,Sherye Robardley,320-347-0459,srobardleym@hao123.com,Arabic Hebrew
30024,Electra Gurry,976-918-4322,egurryn@bizjournals.com,German Hebrew
30025,Harmony Chauvey,271-898-3319,hchauveyo@nps.gov,Italian Hebrew
30026,Ajay Giotto,675-805-0540,agiottop@hatena.ne.jp,Italian Hebrew
30027,Raimundo Minshull,313-907-0422,rminshullq@desdev.cn,German Hebrew
30028,Kora Leigh,323-610-3103,kleighr@diigo.com,Hebrew
30029,Ardella Edinburough,489-253-9848,aedinburoughs@dot.gov,Italian Hebrew
30030,Zedekiah Giacobo,863-325-9152,zgiacobot@examiner.com,Italian Hebrew
30031,Gabi Shearmer,592-927-8887,gshearmeru@symantec.com,French Hebrew
30032,Upton Leathem,677-173-6773,uleathemv@utexas.edu,Russian
30033,Inigo Brideoke,912-192-4299,ibrideokew@nationalgeographic.com,German Hebrew
30034,Barbra Newling,781-430-7425,bnewlingx@umich.edu,Hebrew
30035,Sibyl Klimecki,852-479-6953,sklimeckiy@exblog.jp,Hebrew
30036,Zerk Savaage,666-735-8721,zsavaagez@shareasale.com,German Hebrew
30037,Delores Cuseck,530-486-9414,dcuseck10@fotki.com,French Hebrew
30038,Brucie Coolbear,908-350-3770,bcoolbear11@wordpress.com,Russian
30039,Mathilda Jose,290-542-8737,mjose12@cyberchimps.com,Russian
30040,Reginauld Peatman,418-792-5051,rpeatman13@china.com.cn,Hebrew
30041,Lezley Coule,796-810-6615,lcoule14@bbc.co.uk,German Hebrew
30042,Kristofer Yarmouth,116-716-5823,kyarmouth15@tiny.cc,French Hebrew
30043,Shelden Stemson,577-923-1183,sstemson16@dell.com,Russian
30044,Aridatha Cranmor,985-175-2372,acranmor17@a8.net,Spanish Hebrew
30045,Janaye Sandey,229-419-3960,jsandey18@vinaora.com,Russian
30046,Matty Sibborn,137-503-1318,msibborn19@4shared.com,Italian Hebrew
30047,Lynn Gudgen,401-639-1634,lgudgen1a@jugem.jp,English Hebrew
30048,Ketti Backman,639-807-4695,kbackman1b@constantcontact.com,Hebrew
30049,Haley Spilsbury,504-632-8781,hspilsbury1c@wikispaces.com,German Hebrew
30050,Dinah Dunmore,131-241-9726,ddunmore1d@booking.com,Arabic Hebrew
30051,Suellen Mc Faul,955-315-4581,smc1e@bbc.co.uk,Arabic Hebrew
30052,Lanette Stearn,294-814-5819,lstearn1f@cpanel.net,French Hebrew
30053,Ursuline Bullen,886-598-3960,ubullen1g@i2i.jp,German Hebrew
30054,Netti Colquit,823-679-1889,ncolquit1h@imdb.com,Hebrew
30055,Gertrude Biasini,130-882-4839,gbiasini1i@cbsnews.com,Italian Hebrew
30056,Kessia Jirousek,555-716-6496,kjirousek1j@skyrock.com,Russian
30057,Emmalynn Petschel,851-493-3604,epetschel1k@163.com,Russian
30058,Paolo Eady,847-554-0138,peady1l@guardian.co.uk,Italian Hebrew
30059,Ogdon Gerrelt,613-252-5120,ogerrelt1m@seattletimes.com,Italian Hebrew
30060,Leslie Ledgley,370-340-9686,lledgley1n@nyu.edu,Russian
30061,Billye Keller,812-575-9269,bkeller1o@harvard.edu,Spanish Hebrew
30062,Carole Handmore,449-846-0657,chandmore1p@themeforest.net,English Hebrew
30063,Teodoro Ciciotti,829-262-3563,tciciotti1q@google.com.br,English Hebrew
30064,Korry Chadbourne,364-710-4240,kchadbourne1r@rakuten.co.jp,Arabic Hebrew
30065,Michelina Caccavale,809-876-2775,mcaccavale1s@bizjournals.com,Spanish Hebrew
30066,Serena Crossingham,304-951-1628,scrossingham1t@mac.com,French Hebrew
30067,Renaud Chrstine,437-860-8604,rchrstine1u@seattletimes.com,Russian
30068,Perice O'Glessane,577-969-9493,poglessane1v@geocities.com,Hebrew
30069,Salmon Van't Hoff,249-579-5230,svant1w@miibeian.gov.cn,French Hebrew
30070,Darrin Malt,862-620-8042,dmalt1x@rambler.ru,Arabic Hebrew
30071,Hewie Alp,417-355-1427,halp1y@fema.gov,French Hebrew
30072,Humphrey Davidovitz,891-985-7402,hdavidovitz1z@accuweather.com,French Hebrew
30073,Hyacinth Pallin,283-470-2355,hpallin20@statcounter.com,Hebrew
30074,Moselle Roughsedge,430-687-4048,mroughsedge21@vk.com,English Hebrew
30075,Gerrilee Wiseman,838-529-0286,gwiseman22@newsvine.com,Spanish Hebrew
30076,Enoch Mathieson,729-798-8699,emathieson23@tinypic.com,English Hebrew
30077,Franky Gagg,103-694-3897,fgagg24@vimeo.com,German Hebrew
30078,Blayne Giller,729-998-6602,bgiller25@cloudflare.com,Italian Hebrew
30079,Janetta Trail,833-550-0741,jtrail26@blog.com,Hebrew
30080,Lyndel Von Helmholtz,872-757-4677,lvon27@springer.com,French Hebrew
30081,Effie Antley,176-173-7215,eantley28@imageshack.us,Spanish Hebrew
30082,Andrei Stoffersen,226-522-5053,astoffersen29@globo.com,Russian
30083,Schuyler Baiyle,519-583-6715,sbaiyle2a@i2i.jp,German Hebrew
30084,Dayna Pettwood,730-236-9698,dpettwood2b@devhub.com,German Hebrew
30085,Hallie MacCaffrey,923-533-2262,hmaccaffrey2c@facebook.com,Spanish Hebrew
30086,Bertha Ryman,512-771-2804,bryman2d@tmall.com,English Hebrew
30087,Nollie Pallasch,741-220-6355,npallasch2e@bravesites.com,Italian Hebrew
30088,Robbert Hailey,841-880-3228,rhailey2f@ed.gov,French Hebrew
30089,Jordan Hancell,678-692-8369,jhancell2g@scribd.com,English Hebrew
30090,Julissa Buret,768-911-9568,jburet2h@miitbeian.gov.cn,French Hebrew
30091,Godart Tweedie,872-725-6136,gtweedie2i@marketwatch.com,Spanish Hebrew
30092,Cecelia Drogan,857-658-0717,cdrogan2j@homestead.com,Italian Hebrew
30093,Willis Patton,150-543-7984,wpatton2k@ftc.gov,Spanish Hebrew
30094,Saudra Tarrier,211-985-5678,starrier2l@unc.edu,Russian
30095,Harrison Gourdon,801-532-7044,hgourdon2m@forbes.com,Hebrew
30096,Desi Phippard,323-826-8726,dphippard2n@europa.eu,Russian
30097,Timi Richichi,174-888-2168,trichichi2o@go.com,French Hebrew
30098,Merrili Hellin,582-506-2860,mhellin2p@prlog.org,German Hebrew
30099,Georgie Holehouse,257-800-0271,gholehouse2q@amazon.co.uk,Italian Hebrew
30100,Kirstyn Kelso,897-699-2445,kkelso2r@skype.com,Hebrew
30101,Lori Veighey,741-195-5017,lveighey2s@scientificamerican.com,Arabic Hebrew
30102,Cass Friary,707-200-3603,cfriary2t@hostgator.com,Russian
30103,Nedda Ondrus,213-401-1465,nondrus2u@slate.com,Arabic Hebrew
30104,Izzy Tomasik,637-414-5862,itomasik2v@odnoklassniki.ru,English Hebrew
30105,Pegeen Domenici,486-827-1106,pdomenici2w@marriott.com,Russian
30106,Chevy Melsom,515-915-3089,cmelsom2x@jimdo.com,French Hebrew
30107,Beniamino Grisedale,652-752-5265,bgrisedale2y@ebay.co.uk,Italian Hebrew
30108,Hobie Dowey,485-877-9433,hdowey2z@furl.net,Italian Hebrew
30109,Wally Careless,915-357-1620,wcareless30@wisc.edu,Spanish Hebrew
30110,Sephira Muspratt,663-623-4185,smuspratt31@wikimedia.org,Russian
30111,Urbanus Sobtka,300-262-9144,usobtka32@cdbaby.com,Italian Hebrew
30112,Jarrad Patters,184-873-8157,jpatters33@netscape.com,German Hebrew
30113,Udale Fishpond,424-243-9015,ufishpond34@accuweather.com,English Hebrew
30114,Jarrid Ramsby,543-551-0321,jramsby35@bbc.co.uk,Italian Hebrew
30115,Jackie Hurton,805-286-4822,jhurton36@ow.ly,Italian Hebrew
30116,Warden Chandler,573-322-7405,wchandler37@yellowpages.com,French Hebrew
30117,Marius Fyfield,943-402-8510,mfyfield38@mediafire.com,Italian Hebrew
30118,Clyde Reyna,153-660-8503,creyna39@omniture.com,Italian Hebrew
30119,Rebeca Groucutt,827-522-3684,rgroucutt3a@guardian.co.uk,Russian
30120,Owen Litel,717-239-4151,olitel3b@gmpg.org,English Hebrew
30121,Liuka Debrett,765-397-1537,ldebrett3c@epa.gov,Russian
30122,Laurie Smye,315-868-7107,lsmye3d@stanford.edu,Spanish Hebrew
30123,Justin Cartmel,177-722-3666,jcartmel3e@tripadvisor.com,Spanish Hebrew
30124,Nicola Million,939-989-5584,nmillion3f@vk.com,Arabic Hebrew
30125,Hastings Kayser,261-213-0960,hkayser3g@godaddy.com,Italian Hebrew
30126,Brigit Lupton,205-352-3425,blupton3h@etsy.com,English Hebrew
30127,Dani Mougeot,661-202-4296,dmougeot3i@npr.org,German Hebrew
30128,Thedric Fortun,679-865-0454,tfortun3j@buzzfeed.com,Russian
30129,Avie Drew,493-875-5498,adrew3k@nymag.com,Arabic Hebrew
30130,Diego Yockley,312-184-3562,dyockley3l@4shared.com,Russian
30131,Mallory Adriani,981-927-5199,madriani3m@icio.us,English Hebrew
30132,Jdavie Horrigan,373-780-2889,jhorrigan3n@nih.gov,Italian Hebrew
30133,Gilberte Shales,582-109-6114,gshales3o@japanpost.jp,Italian Hebrew
30134,Carlin Thornton,554-362-7652,cthornton3p@ucla.edu,German Hebrew
30135,Ernaline McLoney,632-791-8644,emcloney3q@google.com.au,Arabic Hebrew
30136,Bekki Sidden,512-907-6041,bsidden3r@flavors.me,Italian Hebrew
30137,Trey Oxx,995-741-6603,toxx3s@furl.net,Spanish Hebrew
30138,Bud Craft,552-267-0765,bcraft3t@feedburner.com,Russian
30139,Corny Tinkler,187-826-2835,ctinkler3u@fema.gov,Spanish Hebrew
30140,Osbourne Bangham,741-991-6668,obangham3v@ibm.com,Russian
30141,Kass Melling,793-922-4830,kmelling3w@nyu.edu,Russian
30142,Essa Mole,422-346-2291,emole3x@eventbrite.com,Spanish Hebrew
30143,Rozella Eynald,220-985-6903,reynald3y@dailymotion.com,Hebrew
30144,Marian Ekell,423-858-8625,mekell3z@google.co.uk,Arabic Hebrew
30145,Rene Hachard,712-497-7357,rhachard40@eepurl.com,Hebrew
30146,Janeczka Ockwell,591-868-4364,jockwell41@about.me,Russian
30147,Lisette Adamek,952-236-8957,ladamek42@ezinearticles.com,Spanish Hebrew
30148,Rabbi Coatts,292-277-4984,rcoatts43@jigsy.com,Russian
30149,Cherish Wedlake,492-333-4990,cwedlake44@ebay.com,Spanish Hebrew
30150,Kristel Filippov,275-488-0129,kfilippov45@nytimes.com,Hebrew
30151,Garik Law,802-129-7129,glaw46@state.tx.us,Arabic Hebrew
30152,Jaime Condie,604-817-9726,jcondie47@omniture.com,French Hebrew
30153,Madelina Venners,841-345-8205,mvenners48@fastcompany.com,English Hebrew
30154,Calypso Matthaus,641-170-7449,cmatthaus49@prnewswire.com,Russian
30155,Zollie Crowdson,297-532-8042,zcrowdson4a@fotki.com,Spanish Hebrew
30156,Babb Bree,629-641-0643,bbree4b@paypal.com,English Hebrew
30157,James Deinhard,258-264-0258,jdeinhard4c@gov.uk,English Hebrew
30158,Olimpia Philippsohn,715-315-1449,ophilippsohn4d@istockphoto.com,English Hebrew
30159,Kristen Rudeforth,201-610-5775,krudeforth4e@cocolog-nifty.com,Spanish Hebrew
30160,Denice Monnelly,457-347-2455,dmonnelly4f@cdc.gov,Russian
30161,Park Matthewes,468-775-3361,pmatthewes4g@apple.com,French Hebrew
30162,Augusto Bastiman,360-182-0280,abastiman4h@sogou.com,Arabic Hebrew
30163,Karylin Sywell,145-122-2001,ksywell4i@nytimes.com,German Hebrew
30164,Gipsy Boughtwood,601-831-5551,gboughtwood4j@foxnews.com,Hebrew
30165,Chanda Youle,750-627-3488,cyoule4k@sciencedirect.com,Russian
30166,Charleen Falkus,219-983-0624,cfalkus4l@globo.com,Arabic Hebrew
30167,Isidore Blackster,912-910-3983,iblackster4m@posterous.com,Hebrew
30168,Amelina Rassmann,192-249-2289,arassmann4n@slate.com,German Hebrew
30169,Madlin Filer,178-383-0864,mfiler4o@time.com,German Hebrew
30170,Lorinda Penrice,778-166-9880,lpenrice4p@auda.org.au,Italian Hebrew
30171,Conn Dutch,187-691-0108,cdutch4q@cafepress.com,German Hebrew
30172,Trudy McCabe,424-297-6654,tmccabe4r@disqus.com,Hebrew
30173,Joanne Beattie,437-479-4197,jbeattie4s@ameblo.jp,French Hebrew
30174,Cly Dalli,405-475-9483,cdalli4t@discuz.net,French Hebrew
30175,Jory Paxforde,120-147-6227,jpaxforde4u@usnews.com,Spanish Hebrew
30176,Didi Durtnal,680-551-6338,ddurtnal4v@reddit.com,German Hebrew
30177,Stavro Billsberry,363-686-5794,sbillsberry4w@ox.ac.uk,Arabic Hebrew
30178,Brander Faithfull,515-359-2080,bfaithfull4x@hc360.com,Spanish Hebrew
30179,Alissa Jzak,119-125-6805,ajzak4y@ustream.tv,Italian Hebrew
30180,Ashton Cummins,371-657-7810,acummins4z@usatoday.com,Italian Hebrew
30181,Ashlen Plak,991-853-8577,aplak50@free.fr,German Hebrew
30182,Ignazio Sier,532-549-0363,isier51@booking.com,Spanish Hebrew
30183,Mattie Bamell,750-260-6140,mbamell52@jigsy.com,Arabic Hebrew
30184,Orson Lindenstrauss,873-636-2747,olindenstrauss53@cam.ac.uk,French Hebrew
30185,Esra De Paepe,404-821-6396,ede54@sitemeter.com,Hebrew
30186,Yves Jansson,481-233-2628,yjansson55@amazon.co.jp,Italian Hebrew
30187,Rey Everest,699-729-3125,reverest56@merriam-webster.com,Russian
30188,Ruy Cozzi,921-523-8777,rcozzi57@amazon.de,Italian Hebrew
30189,Lucille Bastow,660-765-7215,lbastow58@imgur.com,German Hebrew
30190,Lorelle Stirgess,305-954-2022,lstirgess59@tripadvisor.com,English Hebrew
30191,Phillip Zecchi,518-563-7528,pzecchi5a@naver.com,Hebrew
30192,Kassie Darlasson,251-672-3763,kdarlasson5b@gizmodo.com,French Hebrew
30193,Kenn Rowbottam,113-879-8353,krowbottam5c@theatlantic.com,Spanish Hebrew
30194,Cherlyn Barwood,778-363-4495,cbarwood5d@bbb.org,English Hebrew
30195,Egbert Cadogan,353-130-4455,ecadogan5e@ocn.ne.jp,Russian
30196,Marilyn Nern,794-661-2460,mnern5f@apple.com,French Hebrew
30197,Aurel Cleevely,245-519-4310,acleevely5g@fda.gov,Italian Hebrew
30198,Edsel Frodsam,929-821-0346,efrodsam5h@jiathis.com,French Hebrew
30199,Joana Vickery,778-893-8205,jvickery5i@istockphoto.com,Hebrew
30200,Kalinda Linning,604-627-0764,klinning5j@google.de,Spanish Hebrew
30201,Yevette Finley,354-460-6918,yfinley5k@ucoz.com,Spanish Hebrew
30202,Mel Blinerman,380-149-5293,mblinerman5l@earthlink.net,Arabic Hebrew
30203,Rogerio Whitmarsh,515-662-1052,rwhitmarsh5m@va.gov,Hebrew
30204,Salomone Coare,411-750-3915,scoare5n@mac.com,Italian Hebrew
30205,Abbi Dalgarnowch,577-201-4157,adalgarnowch5o@scribd.com,English Hebrew
30206,Yettie Hurrell,767-854-7154,yhurrell5p@columbia.edu,Arabic Hebrew
30207,Selle Blum,555-680-8747,sblum5q@chronoengine.com,French Hebrew
30208,Holmes Ewins,745-303-4183,hewins5r@go.com,Arabic Hebrew
30209,Abie Beedle,683-925-1555,abeedle5s@dmoz.org,Italian Hebrew
30210,James Westerman,473-262-6062,jwesterman5t@jigsy.com,Arabic Hebrew
30211,Roseline Guyton,342-843-9966,rguyton5u@loc.gov,Hebrew
30212,Kennith Coveny,408-844-0842,kcoveny5v@usgs.gov,Russian
30213,Marje Schwanden,702-124-5780,mschwanden5w@gravatar.com,Italian Hebrew
30214,Letti Bladon,814-659-5256,lbladon5x@businessweek.com,English Hebrew
30215,Dalila Gitting,832-490-6365,dgitting5y@histats.com,Italian Hebrew
30216,Giuseppe Darlasson,765-183-8336,gdarlasson5z@amazon.com,French Hebrew
30217,Nerita Christal,791-717-7674,nchristal60@posterous.com,Spanish Hebrew
30218,Erhart Londer,842-318-9096,elonder61@a8.net,French Hebrew
30219,Roxana Brogini,677-726-5320,rbrogini62@furl.net,German Hebrew
30220,Beaufort Yurinov,909-140-6903,byurinov63@buzzfeed.com,German Hebrew
30221,Kyle Aldersea,760-235-6592,kaldersea64@t-online.de,German Hebrew
30222,Erma Annes,914-127-8032,eannes65@globo.com,Russian
30223,Belicia Woolpert,155-938-8094,bwoolpert66@nih.gov,Russian
30224,Derron Pickance,481-753-0502,dpickance67@vkontakte.ru,Hebrew
30225,Giffard Gallymore,354-399-5451,ggallymore68@hhs.gov,French Hebrew
30226,Charis McLellan,893-184-1619,cmclellan69@washington.edu,Italian Hebrew
30227,Angil Fairy,311-804-2228,afairy6a@chicagotribune.com,Arabic Hebrew
30228,Tabbatha Hartill,815-177-3102,thartill6b@oracle.com,Russian
30229,Katti Treend,556-476-2443,ktreend6c@microsoft.com,Hebrew
30230,Alia Lowther,915-724-7353,alowther6d@networkadvertising.org,English Hebrew
30231,Dotty Ridehalgh,834-713-1959,dridehalgh6e@ed.gov,German Hebrew
30232,Rafferty Omond,930-721-9436,romond6f@ucoz.com,French Hebrew
30233,Vittoria Slocum,888-389-7762,vslocum6g@irs.gov,Russian
30234,Dennie Drewry,856-682-8932,ddrewry6h@umich.edu,Hebrew
30235,Rad Cudworth,646-353-4026,rcudworth6i@mashable.com,Arabic Hebrew
30236,Octavia Neale,172-449-9671,oneale6j@dedecms.com,German Hebrew
30237,Rabbi Kristufek,764-721-0347,rkristufek6k@mashable.com,Spanish Hebrew
30238,Lyssa Cowie,634-483-6930,lcowie6l@sfgate.com,German Hebrew
30239,Rolph Kynett,980-942-4190,rkynett6m@accuweather.com,Hebrew
30240,Jarad Ortet,978-354-8337,jortet6n@nbcnews.com,Spanish Hebrew
30241,Rossie Brafield,673-681-3710,rbrafield6o@moonfruit.com,Arabic Hebrew
30242,Evelin Soden,623-997-3663,esoden6p@google.fr,German Hebrew
30243,Domingo Michurin,648-646-9996,dmichurin6q@upenn.edu,Russian
30244,Emilia Gayton,285-276-4886,egayton6r@discuz.net,English Hebrew
30245,Ame De Cristofalo,960-761-6962,ade6s@europa.eu,Russian
30246,Winni Dorow,379-555-2743,wdorow6t@google.ru,Arabic Hebrew
30247,Mal Dukesbury,216-392-2788,mdukesbury6u@diigo.com,Hebrew
30248,Lovell Janous,906-714-7845,ljanous6v@ucoz.com,German Hebrew
30249,Raimund Arondel,945-721-7873,rarondel6w@disqus.com,Russian
30250,Ward Troker,603-375-7088,wtroker6x@opera.com,Hebrew
30251,Lynette Eveling,958-920-4773,leveling6y@cbslocal.com,Russian
30252,Zorah Guyan,100-910-7860,zguyan6z@cam.ac.uk,Spanish Hebrew
30253,Moishe Wharlton,755-374-8071,mwharlton70@linkedin.com,French Hebrew
30254,Jena Eke,196-373-8737,jeke71@blog.com,English Hebrew
30255,Dominga Marages,187-910-5038,dmarages72@livejournal.com,Spanish Hebrew
30256,Ninon Aishford,896-100-2746,naishford73@opensource.org,German Hebrew
30257,Gay Pim,867-542-7570,gpim74@yellowbook.com,Russian
30258,Jules Charleston,819-218-9489,jcharleston75@mozilla.com,Arabic Hebrew
30259,Noland Smorfit,168-602-4837,nsmorfit76@stumbleupon.com,Italian Hebrew
30260,Belia Lethley,524-636-6014,blethley77@cnet.com,Russian
30261,Anthiathia Udey,335-471-9780,audey78@blogs.com,Russian
30262,Johnette Shortcliffe,820-558-1360,jshortcliffe79@vinaora.com,Hebrew
30263,Guinevere Hambrook,629-775-2591,ghambrook7a@harvard.edu,Hebrew
30264,Halimeda Spohrmann,906-713-4388,hspohrmann7b@ask.com,English Hebrew
30265,Anabal Coggon,722-536-9109,acoggon7c@usnews.com,Italian Hebrew
30266,Klarika Brisard,214-376-0520,kbrisard7d@wikipedia.org,Russian
30267,Korry Hatherall,700-818-9425,khatherall7e@telegraph.co.uk,Arabic Hebrew
30268,Denys Goodsal,512-836-7980,dgoodsal7f@wordpress.org,Italian Hebrew
30269,Dorena Roizin,763-671-6251,droizin7g@barnesandnoble.com,Arabic Hebrew
30270,Clovis Braben,783-550-4001,cbraben7h@weebly.com,English Hebrew
30271,Jasmin Hymans,270-311-9520,jhymans7i@google.ru,English Hebrew
30272,Felecia Gery,417-747-4027,fgery7j@google.it,Spanish Hebrew
30273,Libby Mc Caghan,124-972-0203,lmc7k@cornell.edu,Russian
30274,Norrie Ponsford,496-410-3527,nponsford7l@oakley.com,Italian Hebrew
30275,Pascale Catterick,971-434-0257,pcatterick7m@mayoclinic.com,Spanish Hebrew
30276,Vince Dackombe,130-721-5388,vdackombe7n@amazon.de,German Hebrew
30277,Salvador Tattersill,920-168-8141,stattersill7o@smugmug.com,French Hebrew
30278,Salmon Persent,891-496-6472,spersent7p@rakuten.co.jp,French Hebrew
30279,Artie Laudham,734-532-0611,alaudham7q@networksolutions.com,Russian
30280,Lanie Burvill,904-651-1369,lburvill7r@about.me,German Hebrew
30281,Alanna Fassbender,741-277-5879,afassbender7s@ask.com,Spanish Hebrew
30282,Norri McGuckin,740-841-1333,nmcguckin7t@noaa.gov,Italian Hebrew
30283,Rennie Kildahl,765-198-5952,rkildahl7u@epa.gov,Arabic Hebrew
30284,Troy Surgood,484-430-5781,tsurgood7v@csmonitor.com,German Hebrew
30285,Lenora Chisholm,710-261-5376,lchisholm7w@storify.com,French Hebrew
30286,Delcina Maddra,705-432-8295,dmaddra7x@whitehouse.gov,English Hebrew
30287,Isiahi Tejero,603-677-6373,itejero7y@multiply.com,German Hebrew
30288,Georges Ilive,868-667-3741,gilive7z@disqus.com,Spanish Hebrew
30289,Linn Barnett,703-960-8924,lbarnett80@spotify.com,English Hebrew
30290,Alma Riccione,737-914-7341,ariccione81@ucla.edu,Hebrew
30291,Illa Coudray,127-812-1212,icoudray82@myspace.com,Russian
30292,Debby Lenz,453-505-7291,dlenz83@thetimes.co.uk,Italian Hebrew
30293,George Leadstone,262-673-9611,gleadstone84@ft.com,English Hebrew
30294,Janeen Saurat,771-459-3469,jsaurat85@si.edu,Russian
30295,Myrwyn Youell,452-980-4625,myouell86@google.ru,German Hebrew
30296,Brooks Wasmuth,529-976-3298,bwasmuth87@ycombinator.com,Russian
30297,Arlie Strank,856-642-2962,astrank88@example.com,German Hebrew
30298,Adora Cuseck,200-757-2467,acuseck89@indiegogo.com,Italian Hebrew
30299,Rouvin Laborde,746-125-0333,rlaborde8a@simplemachines.org,English Hebrew
30300,Mayer Camili,547-743-5676,mcamili8b@live.com,Italian Hebrew
30301,Skylar Showt,500-747-4610,sshowt8c@naver.com,Russian
30302,Thorin Luigi,288-785-7075,tluigi8d@flickr.com,French Hebrew
30303,Oliviero Canada,693-730-1808,ocanada8e@a8.net,French Hebrew
30304,Christel Chrismas,719-366-1847,cchrismas8f@theatlantic.com,English Hebrew
30305,Aidan Oaten,700-457-5632,aoaten8g@usatoday.com,Italian Hebrew
30306,Kris Eddolls,118-198-8289,keddolls8h@narod.ru,Hebrew
30307,Car Knappen,836-584-6759,cknappen8i@histats.com,Arabic Hebrew
30308,Dolph Slay,225-743-7471,dslay8j@cnbc.com,Arabic Hebrew
30309,Nerta Doucette,213-454-8937,ndoucette8k@csmonitor.com,German Hebrew
30310,Darrin Remmers,326-175-3468,dremmers8l@tinypic.com,French Hebrew
30311,Aprilette Ballinger,674-821-8133,aballinger8m@issuu.com,English Hebrew
30312,Titus Delhay,979-473-9106,tdelhay8n@hao123.com,English Hebrew
30313,Abigail Aprahamian,874-138-0435,aaprahamian8o@freewebs.com,Spanish Hebrew
30314,Lauretta Sandhill,913-317-3466,lsandhill8p@ezinearticles.com,Spanish Hebrew
30315,Fredek Wherrit,684-568-2224,fwherrit8q@moonfruit.com,German Hebrew
30316,Minerva Harmeston,958-477-7141,mharmeston8r@dmoz.org,Italian Hebrew
30317,Susana Stickins,404-813-9444,sstickins8s@accuweather.com,Spanish Hebrew
30318,Portie Edmeads,328-246-1269,pedmeads8t@webnode.com,Russian
30319,Caritta Wadeling,118-160-1834,cwadeling8u@pen.io,Arabic Hebrew
30320,Lowrance Kineton,135-950-8919,lkineton8v@scientificamerican.com,Italian Hebrew
30321,Carmen Ludewig,700-932-7527,cludewig8w@digg.com,Italian Hebrew
30322,Mackenzie Gilardone,356-342-0325,mgilardone8x@va.gov,German Hebrew
30323,Lebbie Nunson,808-557-5123,lnunson8y@gov.uk,Hebrew
30324,Jerrilee Clows,357-506-5302,jclows8z@ibm.com,Spanish Hebrew
30325,Nolan Sheircliffe,904-588-7709,nsheircliffe90@cafepress.com,Italian Hebrew
30326,Arlen Caherny,914-628-6317,acaherny91@sphinn.com,Hebrew
30327,Kellen Gumary,155-993-8480,kgumary92@vk.com,French Hebrew
30328,Matilda Jesse,425-775-6850,mjesse93@clickbank.net,Russian
30329,Rabbi Dilley,707-914-1284,rdilley94@ycombinator.com,Italian Hebrew
30330,Valli MacNeice,354-749-0316,vmacneice95@woothemes.com,Arabic Hebrew
30331,Towny Keirle,569-615-2898,tkeirle96@msu.edu,French Hebrew
30332,Maybelle Lasslett,770-404-4013,mlasslett97@slate.com,French Hebrew
30333,Jeana Burge,255-936-8845,jburge98@un.org,French Hebrew
30334,Gwendolen Menpes,684-781-2615,gmenpes99@senate.gov,Italian Hebrew
30335,Bale Illston,507-953-4268,billston9a@cyberchimps.com,Italian Hebrew
30336,Adan Muress,301-664-2907,amuress9b@360.cn,Hebrew
30337,Rozanna Prebble,659-258-3649,rprebble9c@ning.com,Hebrew
30338,Gwen Jaze,167-839-9022,gjaze9d@plala.or.jp,French Hebrew
30339,Sayre Dickin,370-391-9001,sdickin9e@odnoklassniki.ru,Arabic Hebrew
30340,Jenn Summerton,559-255-3447,jsummerton9f@stanford.edu,English Hebrew
30341,Jemmie Cough,741-257-8829,jcough9g@reference.com,Arabic Hebrew
30342,Bill Acutt,394-912-3485,bacutt9h@angelfire.com,German Hebrew
30343,Ninnetta Niece,502-511-7357,nniece9i@163.com,Italian Hebrew
30344,Monro Mansford,962-562-5810,mmansford9j@xing.com,Hebrew
30345,Imogen Kirkebye,808-801-4223,ikirkebye9k@feedburner.com,Hebrew
30346,Mozes Bew,455-150-2666,mbew9l@oaic.gov.au,French Hebrew
30347,Merle Landis,156-909-7117,mlandis9m@ebay.co.uk,German Hebrew
30348,Henrik Sunshine,369-235-0388,hsunshine9n@nsw.gov.au,Russian
30349,Creighton Crook,771-764-3116,ccrook9o@businessweek.com,French Hebrew
30350,Myranda Gladwell,125-885-7709,mgladwell9p@delicious.com,German Hebrew
30351,Lucina Perin,524-771-8697,lperin9q@sogou.com,French Hebrew
30352,Joane Prandi,262-393-4173,jprandi9r@google.com.hk,Italian Hebrew
30353,Amalia Da Costa,884-401-5965,ada9s@miitbeian.gov.cn,Russian
30354,Thomasa Gabala,711-443-2182,tgabala9t@unc.edu,Arabic Hebrew
30355,Viv Berdale,114-701-9356,vberdale9u@dmoz.org,French Hebrew
30356,Tynan Solman,705-874-1567,tsolman9v@1688.com,Italian Hebrew
30357,Meggie Barnewell,156-683-9647,mbarnewell9w@360.cn,Italian Hebrew
30358,Ellerey Vannet,234-888-6629,evannet9x@comsenz.com,French Hebrew
30359,Moshe Gorke,680-944-4787,mgorke9y@topsy.com,Spanish Hebrew
30360,Arlana Whitehall,433-118-5769,awhitehall9z@hibu.com,German Hebrew
30361,Krystal Schach,875-899-8262,kschacha0@slate.com,Spanish Hebrew
30362,Julianne Furze,203-124-9918,jfurzea1@t-online.de,Italian Hebrew
30363,Dwight Dondon,982-864-2181,ddondona2@a8.net,English Hebrew
30364,Orelle Muncie,485-618-3217,omunciea3@google.ca,French Hebrew
30365,Malchy Imore,203-169-9648,mimorea4@altervista.org,Arabic Hebrew
30366,Eleen Jurges,562-107-1243,ejurgesa5@yandex.ru,English Hebrew
30367,Anastasie Wittier,843-461-5325,awittiera6@bandcamp.com,French Hebrew
30368,Shannen Kopfer,234-940-3804,skopfera7@baidu.com,Spanish Hebrew
30369,Anetta Adlem,122-361-1139,aadlema8@creativecommons.org,Italian Hebrew
30370,Park Antram,590-107-2551,pantrama9@photobucket.com,German Hebrew
30371,Dannie Quoit,928-353-5499,dquoitaa@theatlantic.com,German Hebrew
30372,Diandra Dumbarton,688-337-8939,ddumbartonab@archive.org,German Hebrew
30373,Mandy Schohier,720-629-0806,mschohierac@unblog.fr,Arabic Hebrew
30374,Ashely Kytley,945-962-8799,akytleyad@gmpg.org,Arabic Hebrew
30375,Noam Blinder,768-999-7699,nblinderae@youku.com,German Hebrew
30376,Ronni Priver,997-551-7445,rpriveraf@wikia.com,Italian Hebrew
30377,Ariel Cornils,796-860-1882,acornilsag@addtoany.com,Russian
30378,Doralynn Jeacock,172-215-5288,djeacockah@reverbnation.com,German Hebrew
30379,Pippa Dutch,350-644-7484,pdutchai@illinois.edu,English Hebrew
30380,Arabelle Essame,611-286-3358,aessameaj@sohu.com,Russian
30381,Windham Vasyanin,529-800-4516,wvasyaninak@gmpg.org,French Hebrew
30382,Ole Napthine,236-554-5878,onapthineal@linkedin.com,Italian Hebrew
30383,Rina Grodden,831-798-6471,rgroddenam@ox.ac.uk,Hebrew
30384,Hube Bahike,263-453-0369,hbahikean@hostgator.com,German Hebrew
30385,Pru Onthank,413-946-0600,ponthankao@istockphoto.com,Arabic Hebrew
30386,Rozalin Conibere,872-661-1564,rconibereap@vinaora.com,Spanish Hebrew
30387,Haleigh Dursley,147-784-5486,hdursleyaq@bing.com,Italian Hebrew
30388,Graham Meadway,639-517-0081,gmeadwayar@odnoklassniki.ru,Italian Hebrew
30389,Kial Brashier,462-521-8775,kbrashieras@narod.ru,French Hebrew
30390,Urban Genike,916-246-5748,ugenikeat@bluehost.com,French Hebrew
30391,Normie Reitenbach,258-343-2372,nreitenbachau@canalblog.com,French Hebrew
30392,Wendel Bruyett,914-414-1159,wbruyettav@arstechnica.com,German Hebrew
30393,Phil Jaeggi,341-451-3262,pjaeggiaw@baidu.com,Arabic Hebrew
30394,Ivy Todaro,383-898-6609,itodaroax@1688.com,Spanish Hebrew
30395,Terencio Yakovl,306-652-6855,tyakovlay@com.com,Russian
30396,Laetitia Pepys,534-214-8516,lpepysaz@ifeng.com,Spanish Hebrew
30397,Ofelia Donwell,162-772-7503,odonwellb0@vkontakte.ru,German Hebrew
30398,Lexie Curtoys,682-979-0785,lcurtoysb1@nps.gov,Arabic Hebrew
30399,Estele Grossier,581-832-3052,egrossierb2@multiply.com,Spanish Hebrew
30400,Jerome Sill,277-278-3937,jsillb3@google.com.br,Italian Hebrew
30401,Dicky Stormonth,704-434-5038,dstormonthb4@uol.com.br,Russian
30402,Elbert Harce,751-835-3076,eharceb5@t.co,German Hebrew
30403,Jaclyn Ranner,419-426-4830,jrannerb6@edublogs.org,Arabic Hebrew
30404,Clemmy Mildmott,953-600-5094,cmildmottb7@cnbc.com,English Hebrew
30405,Allene Pestell,961-715-5600,apestellb8@sitemeter.com,Hebrew
30406,Rowan Gyse,163-612-0315,rgyseb9@domainmarket.com,Arabic Hebrew
30407,Madelena Hague,527-833-7248,mhagueba@mashable.com,Italian Hebrew
30408,Garwood Izon,108-389-6228,gizonbb@youtu.be,French Hebrew
30409,Fabien Focke,789-565-6306,ffockebc@canalblog.com,Arabic Hebrew
30410,Gertrudis Banister,960-760-1264,gbanisterbd@ask.com,Arabic Hebrew
30411,Caesar Blissett,480-692-4276,cblissettbe@qq.com,Spanish Hebrew
30412,Tris Comelini,978-384-8121,tcomelinibf@bloomberg.com,Italian Hebrew
30413,Arleen Johnston,129-902-8473,ajohnstonbg@who.int,English Hebrew
30414,Pen Skalls,327-580-5368,pskallsbh@furl.net,Arabic Hebrew
30415,Jonah Aslett,437-502-5668,jaslettbi@wix.com,Hebrew
30416,Rosemarie Durman,590-532-5977,rdurmanbj@studiopress.com,Arabic Hebrew
30417,Celine Edlington,848-369-0252,cedlingtonbk@dailymotion.com,Spanish Hebrew
30418,Pauly Laverock,412-332-1515,plaverockbl@whitehouse.gov,Italian Hebrew
30419,Arni Blagburn,995-523-7032,ablagburnbm@pinterest.com,Hebrew
30420,Meagan Haighton,880-542-0429,mhaightonbn@reddit.com,French Hebrew
30421,Cart Tigwell,214-260-4614,ctigwellbo@phoca.cz,Spanish Hebrew
30422,Anabella Goody,303-832-6297,agoodybp@desdev.cn,Russian
30423,Silvester Spanton,854-642-9426,sspantonbq@simplemachines.org,Russian
30424,Aleen Kilfoyle,660-531-0881,akilfoylebr@github.com,Russian
30425,Richmond Duffield,556-805-1191,rduffieldbs@comsenz.com,French Hebrew
30426,Valentijn Casserley,909-320-1715,vcasserleybt@discuz.net,Arabic Hebrew
30427,Irving Cluer,737-632-4744,icluerbu@cisco.com,English Hebrew
30428,Callida Halburton,517-910-1356,chalburtonbv@baidu.com,Spanish Hebrew
30429,Xavier O'Dooghaine,426-718-2988,xodooghainebw@adobe.com,English Hebrew
30430,Anette Klimentyev,280-453-0702,aklimentyevbx@posterous.com,Russian
30431,Aeriela Cartlidge,413-701-3178,acartlidgeby@google.ca,German Hebrew
30432,Cyndi Franzonetti,314-684-3880,cfranzonettibz@yale.edu,French Hebrew
30433,Amalee Piche,794-210-9569,apichec0@prnewswire.com,English Hebrew
30434,Maria Prawle,104-638-6401,mprawlec1@youtu.be,Russian
30435,Averil Haldene,622-183-2950,ahaldenec2@hugedomains.com,Spanish Hebrew
30436,Kim Ivanonko,226-874-2145,kivanonkoc3@ifeng.com,Russian
30437,Anet Fleckno,704-948-1221,aflecknoc4@ftc.gov,French Hebrew
30438,Rudyard Scupham,661-184-8624,rscuphamc5@marketwatch.com,English Hebrew
30439,Nelson Skowcraft,446-230-8642,nskowcraftc6@sogou.com,Russian
30440,Moria Trevorrow,302-432-7139,mtrevorrowc7@nifty.com,Russian
30441,Lorine Delmage,786-987-9599,ldelmagec8@businesswire.com,French Hebrew
30442,Hayden Gooke,663-874-1273,hgookec9@independent.co.uk,Russian
30443,Allys Blaschke,144-954-4867,ablaschkeca@mozilla.com,Arabic Hebrew
30444,Robin Jeschner,850-932-0676,rjeschnercb@creativecommons.org,Italian Hebrew
30445,Isabella MacCarrane,230-990-7637,imaccarranecc@netscape.com,Spanish Hebrew
30446,Essie Lohden,472-204-2592,elohdencd@xing.com,Hebrew
30447,Clo Kemish,241-463-9402,ckemishce@sogou.com,Hebrew
30448,Reese Mileham,887-339-1891,rmilehamcf@cocolog-nifty.com,Russian
30449,Hayley Leynham,682-358-6221,hleynhamcg@chicagotribune.com,English Hebrew
30450,Rainer Fishley,328-656-4464,rfishleych@exblog.jp,Russian
30451,Dorothy Speachley,656-756-4691,dspeachleyci@biglobe.ne.jp,English Hebrew
30452,Uta Ketchaside,435-594-4060,uketchasidecj@discovery.com,English Hebrew
30453,Rikki Dymoke,672-197-9856,rdymokeck@livejournal.com,English Hebrew
30454,Cristy Vedyaev,445-256-5574,cvedyaevcl@cnn.com,Italian Hebrew
30455,Amory Schankelborg,520-942-0159,aschankelborgcm@unc.edu,Spanish Hebrew
30456,Tamas Cotesford,843-779-0010,tcotesfordcn@narod.ru,Hebrew
30457,Annabelle Crole,787-134-1088,acroleco@joomla.org,French Hebrew
30458,Sofia Roberds,785-844-9277,sroberdscp@wunderground.com,Arabic Hebrew
30459,Lizzy Speedin,934-137-0315,lspeedincq@sphinn.com,English Hebrew
30460,Cecily Picott,976-714-1450,cpicottcr@dailymotion.com,German Hebrew
30461,Rachelle Escoffrey,538-746-8052,rescoffreycs@answers.com,Arabic Hebrew
30462,Robers Riepl,390-418-6564,rrieplct@virginia.edu,Arabic Hebrew
30463,Renate Le Surf,344-796-4564,rlecu@phpbb.com,Arabic Hebrew
30464,Timmie Lyddiatt,917-775-4732,tlyddiattcv@webmd.com,German Hebrew
30465,Benita Gonin,455-822-2721,bgonincw@eepurl.com,Arabic Hebrew
30466,Gerhardt McDyer,681-512-8356,gmcdyercx@businessinsider.com,English Hebrew
30467,Korella Blencoe,373-342-3945,kblencoecy@businessinsider.com,Italian Hebrew
30468,Florrie Letcher,652-163-1700,fletchercz@flavors.me,Arabic Hebrew
30469,Stoddard Nancekivell,796-466-2960,snancekivelld0@squidoo.com,Russian
30470,Valentia McHarry,296-221-8978,vmcharryd1@about.me,English Hebrew
30471,Zacharias Brikner,487-975-8200,zbriknerd2@blogtalkradio.com,Spanish Hebrew
30472,Yoshi Wadly,553-315-8438,ywadlyd3@yahoo.co.jp,Arabic Hebrew
30473,Charley Branch,597-294-2812,cbranchd4@washingtonpost.com,French Hebrew
30474,Claudianus Scad,817-627-8597,cscadd5@macromedia.com,English Hebrew
30475,Florry Garvan,835-878-6568,fgarvand6@ucsd.edu,English Hebrew
30476,Mufi Francescuccio,980-860-0959,mfrancescucciod7@samsung.com,German Hebrew
30477,Marabel Hammett,524-786-5525,mhammettd8@freewebs.com,Russian
30478,Jermaine de Clerc,498-126-0432,jded9@wikispaces.com,Spanish Hebrew
30479,Faulkner Sinden,327-123-5176,fsindenda@about.com,Spanish Hebrew
30480,Aubry Mensler,997-178-8169,amenslerdb@joomla.org,Italian Hebrew
30481,Belicia Deavin,482-327-3747,bdeavindc@parallels.com,Italian Hebrew
30482,Herculie Primmer,455-797-2887,hprimmerdd@independent.co.uk,English Hebrew
30483,Avril Baskerfield,237-541-3606,abaskerfieldde@msn.com,Spanish Hebrew
30484,Orren Gallaher,624-983-2075,ogallaherdf@miitbeian.gov.cn,Arabic Hebrew
30485,Neil Quigg,277-173-4993,nquiggdg@springer.com,French Hebrew
30486,Cathryn Boullin,113-628-9749,cboullindh@microsoft.com,French Hebrew
30487,Carlie Lancetter,399-239-4344,clancetterdi@yahoo.co.jp,English Hebrew
30488,Evy Baumler,274-435-8936,ebaumlerdj@cloudflare.com,German Hebrew
30489,Cordy Stennet,572-833-7589,cstennetdk@cnbc.com,French Hebrew
30490,Caterina Janus,840-328-8025,cjanusdl@dell.com,Arabic Hebrew
30491,Ermentrude Pierse,377-562-6381,epiersedm@apple.com,Spanish Hebrew
30492,Martino Alphonso,729-387-3795,malphonsodn@whitehouse.gov,Russian
30493,Dorian Bollins,560-833-5779,dbollinsdo@xinhuanet.com,Hebrew
30494,Howard McEnhill,261-987-6456,hmcenhilldp@jiathis.com,French Hebrew
30495,Orelia Gillham,512-548-4772,ogillhamdq@imgur.com,German Hebrew
30496,Elnora Tinmouth,181-536-4524,etinmouthdr@tiny.cc,Italian Hebrew
30497,Allissa Tyler,634-186-1244,atylerds@dot.gov,Spanish Hebrew
30498,Elisa Wyard,561-610-7232,ewyarddt@senate.gov,Russian
30499,Darcey Slaney,611-248-3515,dslaneydu@baidu.com,Russian
30500,Phebe Buesden,736-984-0349,pbuesdendv@icq.com,English Hebrew
30501,Eadie Roote,385-148-7794,erootedw@squidoo.com,Spanish Hebrew
30502,Oberon Bruineman,227-314-7149,obruinemandx@mayoclinic.com,Italian Hebrew
30503,Leone Carnier,675-742-2055,lcarnierdy@usnews.com,Spanish Hebrew
30504,Bernete Jeffrey,768-386-6181,bjeffreydz@storify.com,Hebrew
30505,Innis Sansam,345-105-8062,isansame0@answers.com,French Hebrew
30506,Bill Ritchley,372-903-6861,britchleye1@free.fr,Italian Hebrew
30507,Gustavo Werner,723-877-1041,gwernere2@ning.com,English Hebrew
30508,Homere Simpole,561-139-9510,hsimpolee3@google.it,Italian Hebrew
30509,Siouxie Bacop,285-580-4213,sbacope4@ezinearticles.com,Russian
30510,Inessa Leopold,425-834-0833,ileopolde5@thetimes.co.uk,Italian Hebrew
30511,Jerrylee Greville,474-445-1921,jgrevillee6@zimbio.com,English Hebrew
30512,Sayres Colleymore,379-797-9079,scolleymoree7@imgur.com,English Hebrew
30513,Warden Palphreyman,853-859-4433,wpalphreymane8@npr.org,English Hebrew
30514,Salim Durbyn,318-760-8806,sdurbyne9@github.com,Arabic Hebrew
30515,Shoshanna Silwood,421-759-2164,ssilwoodea@last.fm,English Hebrew
30516,Ricardo Smalls,649-260-6189,rsmallseb@about.me,German Hebrew
30517,Alphonse Heggadon,720-707-1680,aheggadonec@google.com.au,English Hebrew
30518,Shelly Nesbeth,304-490-4088,snesbethed@dion.ne.jp,German Hebrew
30519,Evelina Zmitrichenko,942-687-8429,ezmitrichenkoee@about.com,Arabic Hebrew
30520,Bryce Fullard,563-829-6385,bfullardef@ucoz.ru,Hebrew
30521,Verne Postance,807-460-9733,vpostanceeg@alibaba.com,German Hebrew
30522,Noll Stede,419-975-4134,nstedeeh@virginia.edu,Arabic Hebrew
30523,Donnie Felce,685-748-8366,dfelceei@businessinsider.com,English Hebrew
30524,Luciana Cashmore,748-508-4435,lcashmoreej@google.com.hk,Russian
30525,Latisha Sandey,162-328-7843,lsandeyek@freewebs.com,Arabic Hebrew
30526,Ly Sebire,301-721-4916,lsebireel@aboutads.info,German Hebrew
30527,Carlen Dodge,758-924-9278,cdodgeem@eepurl.com,English Hebrew
30528,Jemie Samudio,319-964-1980,jsamudioen@google.com.au,English Hebrew
30529,Iris Jenkison,909-481-5826,ijenkisoneo@fastcompany.com,Hebrew
30530,Neda Petrello,199-274-2736,npetrelloep@usa.gov,Russian
30531,Agneta Petto,183-281-2115,apettoeq@oakley.com,German Hebrew
30532,Marcela Velten,120-700-4708,mveltener@alexa.com,English Hebrew
30533,Abbey Downie,325-611-7685,adowniees@ed.gov,Spanish Hebrew
30534,Rosalynd Ickowics,256-310-1779,rickowicset@eventbrite.com,German Hebrew
30535,Caye Fredson,959-681-9168,cfredsoneu@wufoo.com,Spanish Hebrew
30536,Zonda Bartak,354-238-8612,zbartakev@upenn.edu,Spanish Hebrew
30537,Flem Tichner,492-323-4237,ftichnerew@china.com.cn,French Hebrew
30538,Clementina Juares,546-770-1725,cjuaresex@mysql.com,Arabic Hebrew
30539,Quinton Yoseloff,401-313-0146,qyoseloffey@thetimes.co.uk,German Hebrew
30540,Kamilah Merredy,580-633-3468,kmerredyez@yahoo.co.jp,Russian
30541,Jarrod Reoch,549-434-3882,jreochf0@addthis.com,Arabic Hebrew
30542,Nettie Sykes,160-983-5368,nsykesf1@ox.ac.uk,Arabic Hebrew
30543,Ingeberg Tredinnick,755-543-4998,itredinnickf2@vk.com,Arabic Hebrew
30544,Gothart Flisher,629-214-3457,gflisherf3@phoca.cz,German Hebrew
30545,Prentiss Lindenman,215-512-5161,plindenmanf4@angelfire.com,Arabic Hebrew
30546,Rocky Chesworth,783-475-5713,rchesworthf5@usatoday.com,Russian
30547,Ferne Reeman,136-701-5898,freemanf6@youtu.be,English Hebrew
30548,Clarey Vickery,177-751-4597,cvickeryf7@quantcast.com,Arabic Hebrew
30549,Jacqueline Baron,508-325-0277,jbaronf8@cafepress.com,Arabic Hebrew
30550,Essa Winward,768-483-4623,ewinwardf9@ehow.com,Spanish Hebrew
30551,Verne Inman,753-765-0032,vinmanfa@wiley.com,German Hebrew
30552,Clotilda Hargess,306-606-5301,chargessfb@prweb.com,French Hebrew
30553,Minerva Bunclark,885-102-4662,mbunclarkfc@shinystat.com,Spanish Hebrew
30554,Grace Hindrich,605-623-2286,ghindrichfd@mail.ru,Arabic Hebrew
30555,Alister Crumley,665-175-6773,acrumleyfe@nytimes.com,Spanish Hebrew
30556,Gifford Bittlestone,711-410-4251,gbittlestoneff@mac.com,English Hebrew
30557,Hetty Acreman,405-629-0378,hacremanfg@sciencedaily.com,Arabic Hebrew
30558,Joshia Purches,976-639-4765,jpurchesfh@blogtalkradio.com,Arabic Hebrew
30559,Marc Batman,819-137-9084,mbatmanfi@bing.com,Arabic Hebrew
30560,Sib Measham,784-417-2552,smeashamfj@mapquest.com,French Hebrew
30561,Carmelia Correa,135-261-8787,ccorreafk@drupal.org,French Hebrew
30562,Mary Lammas,357-152-3710,mlammasfl@reference.com,French Hebrew
30563,Audre Antonietti,765-625-9805,aantoniettifm@woothemes.com,English Hebrew
30564,Marne Poyner,177-282-1667,mpoynerfn@feedburner.com,German Hebrew
30565,Paulita Proudler,581-263-4767,pproudlerfo@hostgator.com,French Hebrew
30566,Milka Frisdick,468-127-6184,mfrisdickfp@oaic.gov.au,French Hebrew
30567,Nonah Blamires,918-467-3844,nblamiresfq@ebay.com,Arabic Hebrew
30568,Amalle Poulney,918-527-5985,apoulneyfr@blog.com,German Hebrew
30569,Andres Hrihorovich,632-939-5143,ahrihorovichfs@instagram.com,Arabic Hebrew
30570,Peyter O'Fogarty,594-699-5970,pofogartyft@cnn.com,English Hebrew
30571,Romeo Burkwood,511-817-2017,rburkwoodfu@cmu.edu,Russian
30572,Worth Kinsey,702-739-8038,wkinseyfv@flickr.com,Arabic Hebrew
30573,Violante Morrieson,696-104-9006,vmorriesonfw@yale.edu,Russian
30574,Lezlie Fenning,934-114-0448,lfenningfx@geocities.jp,Spanish Hebrew
30575,Julienne Dinley,610-339-4633,jdinleyfy@mashable.com,German Hebrew
30576,Bertrando Girdlestone,141-677-9175,bgirdlestonefz@usatoday.com,Russian
30577,Minna Trebilcock,682-971-8188,mtrebilcockg0@geocities.com,English Hebrew
30578,Mel Cheke,662-559-9990,mchekeg1@dailymotion.com,Spanish Hebrew
30579,Roxine Cann,284-961-9489,rcanng2@chicagotribune.com,Italian Hebrew
30580,Donaugh Gilvear,638-790-4928,dgilvearg3@opera.com,Hebrew
30581,Cesare Demougeot,204-324-2144,cdemougeotg4@globo.com,Spanish Hebrew
30582,Tani Cutsforth,614-167-5377,tcutsforthg5@goo.gl,Russian
30583,Kylie Cino,167-814-8249,kcinog6@example.com,Spanish Hebrew
30584,Ali Woolmore,661-654-7095,awoolmoreg7@noaa.gov,French Hebrew
30585,Durand Bonsey,992-442-4090,dbonseyg8@sina.com.cn,Hebrew
30586,Elysha Taberner,527-539-1051,etabernerg9@cbslocal.com,English Hebrew
30587,Laverna Pellissier,956-112-5293,lpellissierga@sourceforge.net,English Hebrew
30588,Karry Rydings,990-244-1711,krydingsgb@typepad.com,Italian Hebrew
30589,Thedric Caccavale,931-676-9626,tcaccavalegc@msu.edu,Russian
30590,Anders MacPharlain,403-115-9414,amacpharlaingd@dyndns.org,Arabic Hebrew
30591,Janey Garaghan,942-692-0178,jgaraghange@cloudflare.com,Russian
30592,Elayne Flaunier,798-505-6563,eflauniergf@wunderground.com,French Hebrew
30593,Tildi Sutherby,507-864-9922,tsutherbygg@ft.com,German Hebrew
30594,Calv Tuplin,491-141-5977,ctuplingh@elegantthemes.com,English Hebrew
30595,Sergeant Alejandro,533-219-3427,salejandrogi@ox.ac.uk,Spanish Hebrew
30596,Claire Kreuzer,711-326-8172,ckreuzergj@liveinternet.ru,Arabic Hebrew
30597,Gaultiero Seabert,917-292-8675,gseabertgk@blogtalkradio.com,Arabic Hebrew
30598,Nonah Tomaino,512-270-6551,ntomainogl@cafepress.com,Russian
30599,Gal McKeown,144-308-4549,gmckeowngm@linkedin.com,Russian
30600,Ruddy Skep,557-938-2667,rskepgn@seattletimes.com,Hebrew
30601,Cornie McHenry,683-869-7817,cmchenrygo@rambler.ru,Hebrew
30602,Nev Guild,254-862-7146,nguildgp@sciencedirect.com,German Hebrew
30603,Jennette Mallison,696-214-1733,jmallisongq@youku.com,German Hebrew
30604,Robbi Gosney,198-211-2649,rgosneygr@netvibes.com,Hebrew
30605,Callean Perkins,381-473-9792,cperkinsgs@edublogs.org,Arabic Hebrew
30606,Hy Escala,521-401-9702,hescalagt@gizmodo.com,German Hebrew
30607,Nowell Dabling,142-521-2754,ndablinggu@marriott.com,Spanish Hebrew
30608,Annissa Patley,795-332-1732,apatleygv@yellowpages.com,Russian
30609,Odelia Sommers,942-569-4341,osommersgw@who.int,Italian Hebrew
30610,Lauri Pumphrey,502-814-9854,lpumphreygx@phpbb.com,Italian Hebrew
30611,Kathie Bartoszek,837-563-5099,kbartoszekgy@answers.com,Arabic Hebrew
30612,Rosalynd Wimpey,162-524-8061,rwimpeygz@skyrock.com,Hebrew
30613,Borg McCurrie,298-340-7887,bmccurrieh0@cbc.ca,Spanish Hebrew
30614,Candida Humbatch,140-713-1518,chumbatchh1@xrea.com,Hebrew
30615,Cate MacCaughen,415-659-6820,cmaccaughenh2@a8.net,Spanish Hebrew
30616,Lucais Kamien,124-315-4116,lkamienh3@newyorker.com,Italian Hebrew
30617,Luciana Eixenberger,880-410-4310,leixenbergerh4@army.mil,Italian Hebrew
30618,Nydia Vlies,156-127-6820,nvliesh5@alibaba.com,Russian
30619,Bailie Turtle,503-139-6708,bturtleh6@bbc.co.uk,Arabic Hebrew
30620,Chiquita Quemby,798-473-9422,cquembyh7@gmpg.org,French Hebrew
30621,Hailey Smitham,175-315-3250,hsmithamh8@4shared.com,Spanish Hebrew
30622,Camilla Krammer,411-610-8667,ckrammerh9@cbslocal.com,Spanish Hebrew
30623,Wini Flindall,713-550-2219,wflindallha@blogtalkradio.com,Italian Hebrew
30624,Kirk Quinn,797-557-8069,kquinnhb@examiner.com,English Hebrew
30625,Corinne Rabier,206-312-4591,crabierhc@pbs.org,French Hebrew
30626,Chico Themann,198-410-7731,cthemannhd@digg.com,French Hebrew
30627,Keir Adelberg,297-562-1195,kadelberghe@slate.com,Russian
30628,Imogene Trueman,735-203-4675,itruemanhf@devhub.com,English Hebrew
30629,Marion Vaszoly,477-334-9712,mvaszolyhg@canalblog.com,French Hebrew
30630,Blakeley Gromley,810-387-5658,bgromleyhh@aol.com,Spanish Hebrew
30631,Bondon Sheehan,463-310-5432,bsheehanhi@unicef.org,French Hebrew
30632,Allin Berr,115-497-5928,aberrhj@ucsd.edu,German Hebrew
30633,Sonnie Oakley,827-770-2327,soakleyhk@netvibes.com,Italian Hebrew
30634,Agnola Frank,355-166-3072,afrankhl@kickstarter.com,Spanish Hebrew
30635,Corie Passingham,616-213-0819,cpassinghamhm@marketwatch.com,French Hebrew
30636,Lorry Rumford,339-482-7422,lrumfordhn@bloglines.com,Hebrew
30637,Misha Churchyard,744-540-5442,mchurchyardho@51.la,Hebrew
30638,Concordia Pomfrey,503-337-0646,cpomfreyhp@dion.ne.jp,Hebrew
30639,Eva Nickels,345-306-4627,enickelshq@furl.net,German Hebrew
30640,Vere Kennett,292-973-9499,vkennetthr@ycombinator.com,Arabic Hebrew
30641,Sergio Hawson,807-678-2298,shawsonhs@typepad.com,Russian
30642,Jody Carlisso,265-229-1853,jcarlissoht@hp.com,Arabic Hebrew
30643,Sanford D'Oyly,807-875-1870,sdoylyhu@archive.org,Russian
30644,Merissa Copin,204-638-7018,mcopinhv@washingtonpost.com,Italian Hebrew
30645,Dorolice Arnett,704-724-5087,darnetthw@discovery.com,Spanish Hebrew
30646,Merrielle Blunsom,651-343-9834,mblunsomhx@salon.com,French Hebrew
30647,Deb Persey,653-642-9012,dperseyhy@cnet.com,English Hebrew
30648,Olly Escofier,195-448-8443,oescofierhz@independent.co.uk,Russian
30649,Vivi Simonyi,972-881-7014,vsimonyii0@youku.com,Russian
30650,Clemens Helstrip,675-580-3459,chelstripi1@independent.co.uk,Arabic Hebrew
30651,Cobbie Klinck,453-391-2527,cklincki2@wufoo.com,French Hebrew
30652,Charil Beedle,630-988-7727,cbeedlei3@phoca.cz,Hebrew
30653,Alon Anney,630-300-0212,aanneyi4@washington.edu,French Hebrew
30654,Lillis Winley,440-643-2107,lwinleyi5@yale.edu,Arabic Hebrew
30655,Marnia Whickman,949-121-2963,mwhickmani6@cnn.com,Hebrew
30656,Johny Lyver,732-819-8679,jlyveri7@sitemeter.com,Italian Hebrew
30657,Brandie Lovstrom,310-968-6051,blovstromi8@booking.com,German Hebrew
30658,Nerita Ruffy,703-433-8583,nruffyi9@tamu.edu,Hebrew
30659,Agneta Giacomasso,847-192-6388,agiacomassoia@wix.com,English Hebrew
30660,Earl Verheijden,460-869-8119,everheijdenib@mit.edu,Italian Hebrew
30661,Kathlin Stott,297-245-4519,kstottic@redcross.org,Italian Hebrew
30662,Leese Etuck,610-982-0386,letuckid@admin.ch,German Hebrew
30663,Darbee Wilbud,336-131-4466,dwilbudie@qq.com,Italian Hebrew
30664,Kennie Glaum,330-808-4231,kglaumif@abc.net.au,Spanish Hebrew
30665,Dona Gieraths,446-707-6916,dgierathsig@sourceforge.net,English Hebrew
30666,Bary Weakley,743-467-3430,bweakleyih@spotify.com,English Hebrew
30667,Marleah Lindenbluth,618-991-6733,mlindenbluthii@example.com,Italian Hebrew
30668,Jerald Chipperfield,415-741-5025,jchipperfieldij@home.pl,German Hebrew
30669,Carleen Kalaher,774-129-1042,ckalaherik@dmoz.org,Hebrew
30670,Basil Springell,869-555-3553,bspringellil@blogs.com,Hebrew
30671,Baxie Dufoure,425-697-2257,bdufoureim@auda.org.au,Hebrew
30672,Lukas Cole,332-482-4970,lcolein@github.io,French Hebrew
30673,Stanleigh Jirka,240-636-3882,sjirkaio@foxnews.com,Italian Hebrew
30674,Dwayne Downs,607-125-0960,ddownsip@cornell.edu,Italian Hebrew
30675,York Axell,607-279-2081,yaxelliq@auda.org.au,Spanish Hebrew
30676,Carolin Forsythe,828-703-3114,cforsytheir@nydailynews.com,Italian Hebrew
30677,Nollie MacGillivray,137-614-4758,nmacgillivrayis@vkontakte.ru,Italian Hebrew
30678,Hildagard Reese,322-530-6006,hreeseit@networksolutions.com,Arabic Hebrew
30679,Trev Cakebread,273-219-0658,tcakebreadiu@psu.edu,French Hebrew
30680,Dara Suscens,662-940-7417,dsuscensiv@constantcontact.com,German Hebrew
30681,Hinze Chattoe,216-781-3872,hchattoeiw@ebay.com,Hebrew
30682,Pavel Headford,762-980-2422,pheadfordix@netvibes.com,Italian Hebrew
30683,Merell Trethowan,143-373-4013,mtrethowaniy@webmd.com,German Hebrew
30684,Dennison Gronous,810-600-4879,dgronousiz@chronoengine.com,German Hebrew
30685,Taite Mullen,773-371-8172,tmullenj0@sina.com.cn,Spanish Hebrew
30686,Belicia Kuhlen,159-774-8127,bkuhlenj1@gmpg.org,Russian
30687,Lesya Dutteridge,305-370-9495,ldutteridgej2@domainmarket.com,Arabic Hebrew
30688,Carver Cove,185-894-4204,ccovej3@constantcontact.com,Russian
30689,Svend Yockney,217-912-8448,syockneyj4@a8.net,Italian Hebrew
30690,Doris Colly,647-879-4563,dcollyj5@issuu.com,Spanish Hebrew
30691,Issy MacRory,597-336-4452,imacroryj6@devhub.com,Hebrew
30692,Lacee Box,637-255-8726,lboxj7@xing.com,Spanish Hebrew
30693,Lila Matzel,762-348-7944,lmatzelj8@ted.com,Arabic Hebrew
30694,Carolee Hollier,368-955-3136,chollierj9@ihg.com,Spanish Hebrew
30695,Eddie Bottrill,599-920-7521,ebottrillja@altervista.org,Russian
30696,Brittan Blemen,257-306-9724,bblemenjb@soup.io,Hebrew
30697,Connie Roux,890-652-5259,crouxjc@vinaora.com,Russian
30698,Rooney Autrie,562-450-0899,rautriejd@flavors.me,French Hebrew
30699,Issie Eyrl,254-357-3397,ieyrlje@sohu.com,Italian Hebrew
30700,Rosaline Arter,150-716-6048,rarterjf@nymag.com,Russian
30701,Allen Benning,843-922-4169,abenningjg@cnbc.com,Russian
30702,Swen Luckham,600-120-0018,sluckhamjh@addthis.com,Arabic Hebrew
30703,Evey Hanna,443-996-5652,ehannaji@ocn.ne.jp,French Hebrew
30704,Farlie Fassam,168-552-0366,ffassamjj@ning.com,French Hebrew
30705,Joycelin Barnham,922-861-2075,jbarnhamjk@auda.org.au,Spanish Hebrew
30706,Bert Marriot,592-282-1628,bmarriotjl@tinypic.com,Spanish Hebrew
30707,Marlo Kyberd,784-704-7995,mkyberdjm@moonfruit.com,Spanish Hebrew
30708,Rob Noads,818-334-4290,rnoadsjn@yellowpages.com,Arabic Hebrew
30709,Theresina Lechmere,758-635-9682,tlechmerejo@virginia.edu,Russian
30710,Aguistin Jerisch,231-623-8828,ajerischjp@house.gov,German Hebrew
30711,Vitia Moores,990-548-7856,vmooresjq@time.com,French Hebrew
30712,Eloisa Wessing,387-450-3563,ewessingjr@tripadvisor.com,Arabic Hebrew
30713,Cece Borrow,148-399-6662,cborrowjs@indiatimes.com,Arabic Hebrew
30714,Lucias Wellings,491-871-7814,lwellingsjt@twitpic.com,Italian Hebrew
30715,Lanni Faulo,501-505-6546,lfauloju@soup.io,Russian
30716,Devan Gamage,159-702-4220,dgamagejv@imageshack.us,Spanish Hebrew
30717,Rora Sapwell,555-116-5741,rsapwelljw@nydailynews.com,French Hebrew
30718,Gennifer Stanner,305-352-8937,gstannerjx@shutterfly.com,French Hebrew
30719,Carlye Flounders,794-731-8042,cfloundersjy@slashdot.org,Hebrew
30720,Wang Caldes,944-864-3998,wcaldesjz@toplist.cz,Spanish Hebrew
30721,Julieta Grimsey,660-419-6638,jgrimseyk0@1und1.de,Italian Hebrew
30722,Winny Hymas,622-125-2843,whymask1@sitemeter.com,French Hebrew
30723,Abbe Reboul,541-745-2650,areboulk2@surveymonkey.com,Russian
30724,Coletta Steels,305-841-2906,csteelsk3@sohu.com,Hebrew
30725,Farleigh Watman,362-769-0781,fwatmank4@bandcamp.com,Italian Hebrew
30726,Bren Seligson,139-697-9190,bseligsonk5@joomla.org,Italian Hebrew
30727,Rina Scarlet,765-818-6736,rscarletk6@wp.com,Hebrew
30728,Jeremias Alexis,897-915-9675,jalexisk7@dailymotion.com,Hebrew
30729,Maurise Santhouse,360-790-7371,msanthousek8@desdev.cn,Italian Hebrew
30730,Leonerd Gawthorpe,149-756-0851,lgawthorpek9@hhs.gov,German Hebrew
30731,Chloette Rembrant,993-935-3803,crembrantka@gov.uk,Italian Hebrew
30732,Nial Van,400-729-7968,nvankb@un.org,English Hebrew
30733,Cobbie Brownhall,157-228-2805,cbrownhallkc@chronoengine.com,French Hebrew
30734,Harley Benz,665-433-0215,hbenzkd@bigcartel.com,Spanish Hebrew
30735,Monte D'Ambrogio,623-110-9721,mdambrogioke@google.es,French Hebrew
30736,Ros Pethrick,760-442-1089,rpethrickkf@un.org,Russian
30737,Enrika Redhouse,540-478-1027,eredhousekg@ustream.tv,English Hebrew
30738,Way Szymczyk,563-859-9226,wszymczykkh@alexa.com,Hebrew
30739,Lowe Wass,216-413-3370,lwasski@blogger.com,Arabic Hebrew
30740,Giuseppe Crenage,797-887-8033,gcrenagekj@mozilla.com,English Hebrew
30741,Herb Cawley,827-786-4755,hcawleykk@washingtonpost.com,French Hebrew
30742,Ruddie Sandwich,922-103-4814,rsandwichkl@ft.com,Arabic Hebrew
30743,Roi Petracchi,316-435-7814,rpetracchikm@pinterest.com,Spanish Hebrew
30744,Kelsey Wildbore,891-763-8567,kwildborekn@jigsy.com,Russian
30745,Geordie Crack,413-396-9925,gcrackko@sitemeter.com,Italian Hebrew
30746,Lorie Toman,892-618-3718,ltomankp@stumbleupon.com,French Hebrew
30747,Ruben McGrudder,932-330-4022,rmcgrudderkq@lycos.com,Spanish Hebrew
30748,Mimi Mazzey,778-855-9301,mmazzeykr@shop-pro.jp,Hebrew
30749,Isobel Culligan,129-686-6973,iculliganks@noaa.gov,French Hebrew
30750,Vittorio Balffye,634-242-7791,vbalffyekt@dailymotion.com,Russian
30751,Bren Allanson,199-927-6712,ballansonku@miibeian.gov.cn,Spanish Hebrew
30752,Stan Niesel,688-500-6624,snieselkv@quantcast.com,French Hebrew
30753,Lynnette Valentinetti,710-807-8117,lvalentinettikw@php.net,Italian Hebrew
30754,Lettie Jellico,984-343-2531,ljellicokx@squidoo.com,Russian
30755,Ashia Slyvester,260-210-4275,aslyvesterky@umn.edu,Spanish Hebrew
30756,Nadya Kilduff,402-258-9247,nkilduffkz@illinois.edu,English Hebrew
30757,Farley Ottey,785-724-8085,fotteyl0@ycombinator.com,Hebrew
30758,Birch Kohring,304-857-9615,bkohringl1@elegantthemes.com,Russian
30759,Roddie Knapton,352-478-6216,rknaptonl2@nhs.uk,Italian Hebrew
30760,Brietta Shireff,794-470-9197,bshireffl3@youtube.com,Italian Hebrew
30761,Elsbeth Currey,729-127-1567,ecurreyl4@wordpress.org,Arabic Hebrew
30762,Shaw Swayte,475-804-2961,sswaytel5@paypal.com,Spanish Hebrew
30763,Casar Burburough,372-525-4455,cburburoughl6@nsw.gov.au,French Hebrew
30764,Alis Demanche,544-788-0334,ademanchel7@wisc.edu,Spanish Hebrew
30765,Melloney Dominichelli,226-576-9675,mdominichellil8@phpbb.com,Arabic Hebrew
30766,Marylee Brotherton,705-219-1068,mbrothertonl9@fc2.com,Arabic Hebrew
30767,Pierce Binton,305-883-0081,pbintonla@ed.gov,German Hebrew
30768,Kelby O'Sherin,184-989-4889,kosherinlb@ovh.net,Hebrew
30769,Prudy Kilsby,759-318-0780,pkilsbylc@businessweek.com,Arabic Hebrew
30770,Templeton Hadkins,135-369-7308,thadkinsld@cam.ac.uk,Arabic Hebrew
30771,Talia Corrington,936-149-9488,tcorringtonle@ocn.ne.jp,French Hebrew
30772,Corbet Southerns,561-818-7339,csouthernslf@ning.com,Hebrew
30773,Cordi Roast,854-939-6423,croastlg@arizona.edu,Spanish Hebrew
30774,Elmer Bettlestone,899-481-6358,ebettlestonelh@elegantthemes.com,English Hebrew
30775,Trip Paskerful,735-372-2818,tpaskerfulli@adobe.com,Italian Hebrew
30776,Ashlie Powlesland,541-975-3008,apowleslandlj@squidoo.com,Arabic Hebrew
30777,Bogart Isakson,374-180-9849,bisaksonlk@g.co,French Hebrew
30778,Brina Frankish,701-511-4780,bfrankishll@newsvine.com,Arabic Hebrew
30779,Norina O'Corrigane,977-497-7768,nocorriganelm@wikipedia.org,Spanish Hebrew
30780,Clementia Eastmond,606-239-5223,ceastmondln@pbs.org,Hebrew
30781,Bertrand Uccello,151-799-2910,buccellolo@newyorker.com,Hebrew
30782,Hollyanne Ridoutt,791-884-8860,hridouttlp@sun.com,Arabic Hebrew
30783,Antonius Collister,981-791-7940,acollisterlq@nature.com,English Hebrew
30784,Matthus Mainds,177-806-8383,mmaindslr@hatena.ne.jp,French Hebrew
30785,Craig Sweatland,131-389-0026,csweatlandls@youtube.com,German Hebrew
30786,Zachariah De Souza,469-882-3617,zdelt@opera.com,French Hebrew
30787,Cleveland Outright,371-714-1990,coutrightlu@addtoany.com,English Hebrew
30788,Meg Redrup,353-708-5270,mredruplv@loc.gov,Italian Hebrew
30789,Jaquenetta Gloster,314-121-2004,jglosterlw@craigslist.org,German Hebrew
30790,Norma Learie,309-377-9779,nlearielx@bloglines.com,Russian
30791,Abe Minghi,934-396-6045,aminghily@npr.org,French Hebrew
30792,Vania Mansford,793-345-5341,vmansfordlz@taobao.com,German Hebrew
30793,Ericka Margery,177-854-8213,emargerym0@oracle.com,Spanish Hebrew
30794,Reine Wiles,574-924-4029,rwilesm1@newsvine.com,Italian Hebrew
30795,Raeann Buse,290-638-9064,rbusem2@ovh.net,Arabic Hebrew
30796,Masha Braine,470-353-9460,mbrainem3@tmall.com,Arabic Hebrew
30797,Virgie Constant,815-585-6542,vconstantm4@wix.com,German Hebrew
30798,Olenolin Chatwin,528-842-6844,ochatwinm5@usgs.gov,English Hebrew
30799,Imogene Kahler,798-658-0671,ikahlerm6@yolasite.com,Russian
30800,Iolanthe Stood,905-366-0192,istoodm7@theglobeandmail.com,Italian Hebrew
30801,Dell MacRedmond,864-372-7422,dmacredmondm8@typepad.com,Russian
30802,Marguerite Casado,570-386-7425,mcasadom9@reverbnation.com,Hebrew
30803,Jamesy Artingstall,579-102-4690,jartingstallma@blog.com,English Hebrew
30804,Ertha Strathern,958-514-8999,estrathernmb@microsoft.com,French Hebrew
30805,Belia Miguel,937-749-7757,bmiguelmc@irs.gov,German Hebrew
30806,Merrili Bavister,493-318-0040,mbavistermd@de.vu,Italian Hebrew
30807,Kimmie Gotling,741-947-0099,kgotlingme@bigcartel.com,Spanish Hebrew
30808,Christyna Lempke,604-295-1091,clempkemf@amazon.de,Hebrew
30809,Danila Madgwick,274-727-8993,dmadgwickmg@blogger.com,Spanish Hebrew
30810,Bank Fleisch,471-609-6932,bfleischmh@unc.edu,French Hebrew
30811,Anatollo Raiker,501-628-3816,araikermi@blogtalkradio.com,English Hebrew
30812,Eward Derrett,539-651-2025,ederrettmj@blogs.com,English Hebrew
30813,Adria Bilston,575-754-1197,abilstonmk@purevolume.com,Spanish Hebrew
30814,Hermann Gantley,523-409-5808,hgantleyml@nationalgeographic.com,English Hebrew
30815,Margalo Hebner,984-400-5607,mhebnermm@elegantthemes.com,Russian
30816,Benedetta Corgenvin,262-469-1404,bcorgenvinmn@joomla.org,Arabic Hebrew
30817,Brose Cuerda,844-614-9340,bcuerdamo@tuttocitta.it,Arabic Hebrew
30818,Casey Cloney,978-390-9987,ccloneymp@hhs.gov,Russian
30819,Noelle Tregonna,345-173-6576,ntregonnamq@spiegel.de,Hebrew
30820,Frank Trembley,967-847-7612,ftrembleymr@youku.com,German Hebrew
30821,Aila Pendergrast,946-680-5486,apendergrastms@geocities.jp,French Hebrew
30822,Sherilyn Bailiss,700-396-8625,sbailissmt@mapquest.com,German Hebrew
30823,Hali O' Dooley,678-809-1476,homu@yolasite.com,English Hebrew
30824,Chantalle Twelvetree,844-284-0851,ctwelvetreemv@dot.gov,German Hebrew
30825,Kissie Youings,344-119-6011,kyouingsmw@wikimedia.org,Hebrew
30826,Ethel Bradforth,374-422-1998,ebradforthmx@trellian.com,Italian Hebrew
30827,Chloris Di Matteo,332-235-2787,cdimy@skype.com,Italian Hebrew
30828,Gael Pipping,977-927-7232,gpippingmz@aol.com,Spanish Hebrew
30829,Lind Balazs,820-464-2260,lbalazsn0@latimes.com,Hebrew
30830,Isaac Frayling,508-213-6594,ifraylingn1@cdbaby.com,Arabic Hebrew
30831,Frazier Foister,570-781-3064,ffoistern2@163.com,Hebrew
30832,Ogdan Flemmich,924-431-0551,oflemmichn3@uol.com.br,Hebrew
30833,Justinian Goldstraw,440-697-3425,jgoldstrawn4@whitehouse.gov,Arabic Hebrew
30834,Paxon Gadault,542-697-0832,pgadaultn5@chicagotribune.com,Arabic Hebrew
30835,Happy Spry,888-435-1275,hspryn6@google.pl,English Hebrew
30836,Hobie Dawidowicz,826-141-0011,hdawidowiczn7@mozilla.com,Hebrew
30837,Darrel Butterfield,995-894-8203,dbutterfieldn8@google.co.jp,Arabic Hebrew
30838,Meara Ertelt,410-768-6377,merteltn9@marketwatch.com,Spanish Hebrew
30839,Hilarius Vedenyapin,461-136-8081,hvedenyapinna@liveinternet.ru,Spanish Hebrew
30840,Jamie McDowall,543-403-6039,jmcdowallnb@ovh.net,Hebrew
30841,Elsbeth Brunicke,240-118-9497,ebrunickenc@va.gov,Russian
30842,Pace Chiles,355-191-5877,pchilesnd@twitpic.com,German Hebrew
30843,Glory Kinder,858-793-9639,gkinderne@photobucket.com,Spanish Hebrew
30844,Abel Piner,395-436-4439,apinernf@sphinn.com,English Hebrew
30845,Daniella Hingeley,776-954-4255,dhingeleyng@github.com,Hebrew
30846,Giusto Karpmann,160-190-3104,gkarpmannnh@shinystat.com,Arabic Hebrew
30847,Mickie Attenbrow,769-812-5172,mattenbrowni@newsvine.com,Italian Hebrew
30848,Steffi Klesel,283-635-2139,skleselnj@flavors.me,Arabic Hebrew
30849,Debor Stobbart,759-238-6063,dstobbartnk@squarespace.com,English Hebrew
30850,Shirlee Cressar,400-555-4085,scressarnl@rakuten.co.jp,Hebrew
30851,Stanwood Gather,922-430-7998,sgathernm@1688.com,Arabic Hebrew
30852,Hill Smithyman,602-953-1181,hsmithymannn@alexa.com,Arabic Hebrew
30853,Nikolas Vanyard,117-241-7709,nvanyardno@purevolume.com,English Hebrew
30854,Emmye Trembath,515-186-0217,etrembathnp@w3.org,Russian
30855,Britt Peegrem,115-632-1772,bpeegremnq@technorati.com,Spanish Hebrew
30856,Braden Edwicke,739-158-2655,bedwickenr@time.com,Italian Hebrew
30857,Marcus Garroway,621-227-7888,mgarrowayns@surveymonkey.com,Russian
30858,Samara Kilford,671-717-0682,skilfordnt@sina.com.cn,Hebrew
30859,Taylor Grima,467-450-6631,tgrimanu@dyndns.org,Russian
30860,Royal Polglaze,213-822-8812,rpolglazenv@jugem.jp,Arabic Hebrew
30861,Gibbie Orrill,344-657-5994,gorrillnw@digg.com,Russian
30862,Bernadene Lamke,155-721-7841,blamkenx@redcross.org,French Hebrew
30863,Ulrike Strode,581-796-2135,ustrodeny@tripadvisor.com,Russian
30864,Gerri O'Hannigan,509-757-1333,gohannigannz@dailymail.co.uk,Russian
30865,Gwyn Gilgryst,864-734-0064,ggilgrysto0@unesco.org,Russian
30866,Marleah Shasnan,361-955-4437,mshasnano1@statcounter.com,English Hebrew
30867,Jade Braund,190-773-8498,jbraundo2@qq.com,French Hebrew
30868,Kelila Mapston,513-302-2375,kmapstono3@imgur.com,German Hebrew
30869,Yorker Rolance,212-792-0376,yrolanceo4@ameblo.jp,Russian
30870,Fanny Ingleton,506-433-9979,fingletono5@senate.gov,French Hebrew
30871,Zea Aucock,793-764-2129,zaucocko6@kickstarter.com,English Hebrew
30872,Fred Forst,396-736-9522,fforsto7@google.com.br,German Hebrew
30873,Veronika Bayly,636-227-1489,vbaylyo8@wsj.com,German Hebrew
30874,Shannah Renowden,729-561-0143,srenowdeno9@washingtonpost.com,Hebrew
30875,Fran Altimas,728-560-1431,faltimasoa@ocn.ne.jp,Arabic Hebrew
30876,Ira Friary,848-438-2158,ifriaryob@imageshack.us,Russian
30877,Ivar Abdy,666-870-2214,iabdyoc@home.pl,Hebrew
30878,Frankie Hallward,135-660-6139,fhallwardod@apple.com,Hebrew
30879,Kristofor Peinton,443-861-3560,kpeintonoe@xing.com,Hebrew
30880,Orin Scotsbrook,818-311-4307,oscotsbrookof@nba.com,Russian
30881,Frasquito Thorius,298-339-7400,fthoriusog@hibu.com,Hebrew
30882,Genia Tittletross,280-908-7027,gtittletrossoh@flavors.me,English Hebrew
30883,Adriena Lehenmann,790-938-5918,alehenmannoi@ning.com,English Hebrew
30884,Lenard Antalffy,664-694-5269,lantalffyoj@bloglovin.com,Russian
30885,Andonis Timcke,686-422-2794,atimckeok@wordpress.org,Italian Hebrew
30886,Crawford Knight,828-843-7717,cknightol@macromedia.com,Arabic Hebrew
30887,Albert Krimmer,876-713-9150,akrimmerom@statcounter.com,Russian
30888,Jordain Klees,340-484-2450,jkleeson@flavors.me,Spanish Hebrew
30889,Eran Dureden,468-929-7488,eduredenoo@buzzfeed.com,Russian
30890,Peg Mabbs,331-198-6678,pmabbsop@istockphoto.com,Italian Hebrew
30891,Valentijn Halfhyde,977-254-1081,vhalfhydeoq@163.com,Italian Hebrew
30892,Gussie Laverick,455-438-7087,glaverickor@ucla.edu,Italian Hebrew
30893,Conway Corish,752-848-9421,ccorishos@sciencedirect.com,French Hebrew
30894,Zsa zsa Stapells,905-694-4524,zzsaot@com.com,Arabic Hebrew
30895,Elwood Buckel,486-457-7151,ebuckelou@businessweek.com,Arabic Hebrew
30896,Jodi Scorrer,513-568-1381,jscorrerov@ihg.com,Italian Hebrew
30897,Iseabal Melliard,642-782-5860,imelliardow@dot.gov,Spanish Hebrew
30898,Emmery Cappleman,996-111-3349,ecapplemanox@google.de,Russian
30899,Carmelita Ben-Aharon,470-921-5410,cbenaharonoy@ow.ly,Hebrew
30900,Celie Bissill,539-419-7390,cbissilloz@cloudflare.com,Hebrew
30901,Wyn Gooderson,318-844-7253,wgoodersonp0@theglobeandmail.com,Italian Hebrew
30902,Iris Loalday,105-818-5428,iloaldayp1@imageshack.us,Russian
30903,Wilow Toft,720-628-4839,wtoftp2@networkadvertising.org,German Hebrew
30904,Verna Rosoni,982-103-8190,vrosonip3@sbwire.com,Hebrew
30905,Bret Corsan,795-333-8497,bcorsanp4@wired.com,Russian
30906,Layla Brussell,214-496-9088,lbrussellp5@homestead.com,Russian
30907,Emilio Cathrall,788-578-1115,ecathrallp6@google.fr,Spanish Hebrew
30908,Monique Cundy,544-693-7174,mcundyp7@drupal.org,Hebrew
30909,Durand Mulkerrins,202-356-0277,dmulkerrinsp8@chronoengine.com,Russian
30910,Keane Arnaldo,271-639-1249,karnaldop9@hhs.gov,Arabic Hebrew
30911,Shandra Mongin,383-518-8635,smonginpa@sakura.ne.jp,Russian
30912,Devina Ponten,605-205-1402,dpontenpb@blogger.com,Russian
30913,Sherwynd Duigan,169-520-2335,sduiganpc@skype.com,Italian Hebrew
30914,Jada Huby,765-763-8477,jhubypd@un.org,Arabic Hebrew
30915,Heidie Brothers,616-373-0689,hbrotherspe@example.com,French Hebrew
30916,Jule Reynault,204-772-5466,jreynaultpf@salon.com,French Hebrew
30917,Portia Lafontaine,549-356-0395,plafontainepg@github.io,Hebrew
30918,Ogden Mortell,171-700-8609,omortellph@time.com,Hebrew
30919,Dotty Dachey,881-761-3292,ddacheypi@toplist.cz,German Hebrew
30920,Nicky Whelpton,856-100-3120,nwhelptonpj@artisteer.com,Spanish Hebrew
30921,Gill Muddle,625-715-4318,gmuddlepk@salon.com,Arabic Hebrew
30922,Elfrida Sherwyn,727-700-7744,esherwynpl@skype.com,Hebrew
30923,Stafani Lage,594-169-8494,slagepm@dion.ne.jp,Arabic Hebrew
30924,Cesar Horsfield,378-944-3333,chorsfieldpn@constantcontact.com,Arabic Hebrew
30925,Brigitta Matias,685-992-1090,bmatiaspo@elpais.com,French Hebrew
30926,Ike Snedker,794-451-2176,isnedkerpp@typepad.com,Arabic Hebrew
30927,Amabelle Queyeiro,594-967-3510,aqueyeiropq@wiley.com,Russian
30928,Arda Blaker,417-120-7210,ablakerpr@ovh.net,French Hebrew
30929,Hyman Arnet,562-510-6192,harnetps@omniture.com,English Hebrew
30930,Arlen Featherstonhaugh,302-423-0724,afeatherstonhaughpt@prlog.org,Italian Hebrew
30931,Marge Geffen,659-811-5222,mgeffenpu@toplist.cz,Arabic Hebrew
30932,Debby Archbould,702-880-2115,darchbouldpv@who.int,English Hebrew
30933,Samuele Waghorn,159-358-8639,swaghornpw@tinypic.com,Russian
30934,Stanleigh Bennedick,662-826-4919,sbennedickpx@miibeian.gov.cn,Russian
30935,Kiersten Kightly,714-398-6848,kkightlypy@newsvine.com,Hebrew
30936,Athene Adolf,748-490-9409,aadolfpz@dmoz.org,Italian Hebrew
30937,Chris Bletcher,693-775-2128,cbletcherq0@goodreads.com,Russian
30938,Mickie Marc,708-312-4434,mmarcq1@slate.com,Italian Hebrew
30939,Albertina Tomlett,537-428-5645,atomlettq2@spiegel.de,French Hebrew
30940,Consuela Speed,532-760-5825,cspeedq3@yale.edu,French Hebrew
30941,Tristam Mattys,568-305-0682,tmattysq4@godaddy.com,Italian Hebrew
30942,Pauly Mucklestone,380-450-8429,pmucklestoneq5@independent.co.uk,English Hebrew
30943,Corabel Brickell,559-502-7821,cbrickellq6@cnn.com,Russian
30944,Dennie Cornelis,914-179-6822,dcornelisq7@go.com,French Hebrew
30945,Cariotta Raulstone,972-850-4668,craulstoneq8@behance.net,Russian
30946,Rozina Esselin,476-766-6591,resselinq9@unesco.org,Arabic Hebrew
30947,Rodge Wadesworth,490-639-1561,rwadesworthqa@simplemachines.org,Hebrew
30948,Johnath Strase,310-162-6955,jstraseqb@networksolutions.com,English Hebrew
30949,Mariska Chinnick,806-706-9258,mchinnickqc@nifty.com,Russian
30950,Yancy Gai,131-670-8553,ygaiqd@archive.org,French Hebrew
30951,Yettie Spare,599-847-8642,yspareqe@friendfeed.com,Spanish Hebrew
30952,Gigi MacSharry,950-244-1682,gmacsharryqf@delicious.com,Italian Hebrew
30953,Loree People,370-584-8822,lpeopleqg@shop-pro.jp,Hebrew
30954,Barb Benardeau,469-316-7296,bbenardeauqh@disqus.com,French Hebrew
30955,Tallulah Facchini,282-601-3643,tfacchiniqi@virginia.edu,Arabic Hebrew
30956,Jan Hedley,601-469-7245,jhedleyqj@apple.com,Hebrew
30957,Herculie Bedenham,307-824-2152,hbedenhamqk@ucoz.com,German Hebrew
30958,Lorelei Dunstall,381-938-7827,ldunstallql@ovh.net,French Hebrew
30959,Vivyanne Greenhalf,373-278-9785,vgreenhalfqm@timesonline.co.uk,French Hebrew
30960,Anjanette Neem,317-740-1722,aneemqn@businessweek.com,English Hebrew
30961,Arielle Armal,639-183-8139,aarmalqo@tumblr.com,Hebrew
30962,Shea Monnery,596-714-9223,smonneryqp@apache.org,French Hebrew
30963,Bennie Bernardi,260-855-6177,bbernardiqq@constantcontact.com,Hebrew
30964,Odie Cicchillo,230-597-6412,ocicchilloqr@independent.co.uk,English Hebrew
30965,Elva Somerville,559-364-3903,esomervilleqs@reddit.com,German Hebrew
30966,Susan Warn,282-349-3011,swarnqt@shop-pro.jp,Italian Hebrew
30967,Ches Flahive,116-284-3741,cflahivequ@tumblr.com,Italian Hebrew
30968,Valentino Upham,875-461-4123,vuphamqv@imgur.com,Russian
30969,Johna Macconachy,333-319-5291,jmacconachyqw@clickbank.net,Spanish Hebrew
30970,Even Cawthra,847-249-1787,ecawthraqx@trellian.com,Spanish Hebrew
30971,Kylie Brafferton,250-500-4460,kbraffertonqy@360.cn,French Hebrew
30972,Cari Weedall,701-643-7330,cweedallqz@bandcamp.com,Hebrew
30973,Ryann Minor,140-710-5301,rminorr0@ihg.com,Arabic Hebrew
30974,Iago Fandrey,344-445-9286,ifandreyr1@cam.ac.uk,English Hebrew
30975,Janette Latty,688-188-1770,jlattyr2@com.com,German Hebrew
30976,Marne Buckbee,878-316-7423,mbuckbeer3@unc.edu,Italian Hebrew
30977,Dore Keemer,829-548-8366,dkeemerr4@washingtonpost.com,English Hebrew
30978,Davita Dumsday,990-684-7893,ddumsdayr5@hibu.com,Spanish Hebrew
30979,Joly Craine,186-283-6305,jcrainer6@intel.com,Spanish Hebrew
30980,Bert Crosdill,616-549-4436,bcrosdillr7@icq.com,Hebrew
30981,Elvyn Habden,582-281-7464,ehabdenr8@nasa.gov,Hebrew
30982,Bronson Sealove,187-459-7094,bsealover9@ebay.co.uk,Spanish Hebrew
30983,Christian Ramiro,881-176-6588,cramirora@disqus.com,Arabic Hebrew
30984,Buddy Hariot,403-759-3477,bhariotrb@google.pl,Russian
30985,Doug Perl,806-235-6495,dperlrc@blinklist.com,Italian Hebrew
30986,Maitilde Mettericke,193-422-3767,mmetterickerd@fastcompany.com,German Hebrew
30987,Analiese Ovill,570-914-8827,aovillre@scientificamerican.com,Russian
30988,Elsi Seear,213-881-4113,eseearrf@cnn.com,Arabic Hebrew
30989,Constantina Tapscott,425-230-8071,ctapscottrg@ucoz.ru,Italian Hebrew
30990,Rozanne Breddy,501-419-9826,rbreddyrh@tumblr.com,English Hebrew
30991,Rochella Seakes,799-730-6286,rseakesri@intel.com,French Hebrew
30992,Shelba Pidgley,461-225-8038,spidgleyrj@pbs.org,English Hebrew
30993,Tommi Dorrell,102-523-6672,tdorrellrk@pcworld.com,Italian Hebrew
30994,Moss Barnet,770-887-0453,mbarnetrl@shareasale.com,English Hebrew
30995,Malorie Ambrosio,277-967-3332,mambrosiorm@e-recht24.de,Russian
30996,Herby Demetr,760-129-9533,hdemetrrn@pagesperso-orange.fr,French Hebrew
30997,Dillie Himsworth,813-515-5245,dhimsworthro@printfriendly.com,English Hebrew
30998,Cele Hargroves,266-343-9429,chargrovesrp@time.com,Russian
30999,Luciana Haythorne,616-379-8297,lhaythornerq@pbs.org,French Hebrew
31000,Mill Huortic,159-870-3810,mhuorticrr@ustream.tv,English Hebrew
